race,hispan,age_group_5yr,sex,n,weighted
1,0,0-4,1,172405,17357042
1,0,0-4,2,164494,16496071
1,0,5-9,1,194265,19240746
1,0,5-9,2,184013,18260725
1,0,10-14,1,210260,20757808
1,0,10-14,2,198379,19632661
1,0,15-19,1,239053,22153929
1,0,15-19,2,228269,20957742
1,0,20-24,1,213037,23130821
1,0,20-24,2,198852,21822146
1,0,25-29,1,217929,23430895
1,0,25-29,2,209206,22430621
1,0,30-34,1,247431,24895765
1,0,30-34,2,239408,24180265
1,0,35-39,1,249974,24927695
1,0,35-39,2,243645,24197700
1,0,40-44,1,245554,24307635
1,0,40-44,2,238799,23563604
1,0,45-49,1,230075,22263502
1,0,45-49,2,226948,21713790
1,0,50-54,1,263645,24865709
1,0,50-54,2,267208,24294758
1,0,55-59,1,295850,25911043
1,0,55-59,2,309780,25916753
1,0,60-64,1,345270,28893102
1,0,60-64,2,369492,29783045
1,0,65-69,1,342211,25569209
1,0,65-69,2,372049,27455134
1,0,70-74,1,299034,21929914
1,0,70-74,2,331057,24224755
1,0,75-79,1,220027,15316819
1,0,75-79,2,251186,18058972
1,0,80+,1,231853,16123348
1,0,80+,2,332467,23638861
1,1,0-4,1,9488,1274201
1,1,0-4,2,8971,1209751
1,1,5-9,1,10036,1261816
1,1,5-9,2,9898,1264456
1,1,10-14,1,10751,1347968
1,1,10-14,2,10345,1307902
1,1,15-19,1,12032,1338484
1,1,15-19,2,11754,1292379
1,1,20-24,1,10705,1234541
1,1,20-24,2,11235,1338453
1,1,25-29,1,9617,1135136
1,1,25-29,2,10325,1217182
1,1,30-34,1,8550,1028830
1,1,30-34,2,9242,1102472
1,1,35-39,1,7280,922939
1,1,35-39,2,7887,943858
1,1,40-44,1,6407,804570
1,1,40-44,2,7094,861086
1,1,45-49,1,5470,664526
1,1,45-49,2,6047,670626
1,1,50-54,1,4844,551145
1,1,50-54,2,5687,598013
1,1,55-59,1,4246,448906
1,1,55-59,2,4988,491953
1,1,60-64,1,3766,379477
1,1,60-64,2,4386,408139
1,1,65-69,1,3169,281492
1,1,65-69,2,3773,324088
1,1,70-74,1,2481,219293
1,1,70-74,2,2950,258293
1,1,75-79,1,1681,138645
1,1,75-79,2,2062,177897
1,1,80+,1,1805,142678
1,1,80+,2,2764,222272
1,2,0-4,1,1462,195245
1,2,0-4,2,1398,189594
1,2,5-9,1,1561,202796
1,2,5-9,2,1410,181670
1,2,10-14,1,1604,203820
1,2,10-14,2,1570,198255
1,2,15-19,1,1690,192088
1,2,15-19,2,1724,189000
1,2,20-24,1,1550,180432
1,2,20-24,2,1653,202672
1,2,25-29,1,1563,186334
1,2,25-29,2,1671,192085
1,2,30-34,1,1533,192751
1,2,30-34,2,1662,194132
1,2,35-39,1,1289,166192
1,2,35-39,2,1473,181096
1,2,40-44,1,1075,146187
1,2,40-44,2,1205,149962
1,2,45-49,1,920,120493
1,2,45-49,2,1036,131856
1,2,50-54,1,843,109532
1,2,50-54,2,1035,119886
1,2,55-59,1,870,100227
1,2,55-59,2,1071,109198
1,2,60-64,1,807,83511
1,2,60-64,2,1000,97382
1,2,65-69,1,641,65070
1,2,65-69,2,816,81901
1,2,70-74,1,491,50726
1,2,70-74,2,659,66622
1,2,75-79,1,385,36328
1,2,75-79,2,493,51357
1,2,80+,1,403,34648
1,2,80+,2,663,61542
1,3,0-4,1,568,75774
1,3,0-4,2,548,73170
1,3,5-9,1,553,63630
1,3,5-9,2,519,64195
1,3,10-14,1,590,71420
1,3,10-14,2,533,57864
1,3,15-19,1,628,62689
1,3,15-19,2,664,62301
1,3,20-24,1,653,69500
1,3,20-24,2,679,75985
1,3,25-29,1,709,79327
1,3,25-29,2,719,81300
1,3,30-34,1,743,86975
1,3,30-34,2,769,87170
1,3,35-39,1,624,77868
1,3,35-39,2,670,77064
1,3,40-44,1,474,60247
1,3,40-44,2,493,54480
1,3,45-49,1,494,60463
1,3,45-49,2,495,57397
1,3,50-54,1,552,69055
1,3,50-54,2,551,56017
1,3,55-59,1,497,51351
1,3,55-59,2,588,57590
1,3,60-64,1,506,51858
1,3,60-64,2,524,49285
1,3,65-69,1,373,33532
1,3,65-69,2,435,38637
1,3,70-74,1,353,34422
1,3,70-74,2,428,37486
1,3,75-79,1,294,24885
1,3,75-79,2,362,30243
1,3,80+,1,459,38860
1,3,80+,2,672,57969
1,4,0-4,1,3165,449539
1,4,0-4,2,3060,419643
1,4,5-9,1,3330,433019
1,4,5-9,2,3141,399222
1,4,10-14,1,3498,439984
1,4,10-14,2,3453,430918
1,4,15-19,1,4565,462006
1,4,15-19,2,4478,469793
1,4,20-24,1,4203,452354
1,4,20-24,2,4118,465964
1,4,25-29,1,3909,430575
1,4,25-29,2,3837,451476
1,4,30-34,1,3824,440437
1,4,30-34,2,3704,435062
1,4,35-39,1,3426,413370
1,4,35-39,2,3203,378823
1,4,40-44,1,3105,366553
1,4,40-44,2,2841,340673
1,4,45-49,1,2685,309515
1,4,45-49,2,2549,287297
1,4,50-54,1,2315,271150
1,4,50-54,2,2447,273710
1,4,55-59,1,2065,221841
1,4,55-59,2,2315,237678
1,4,60-64,1,1914,192098
1,4,60-64,2,2203,214854
1,4,65-69,1,1638,154706
1,4,65-69,2,1797,165734
1,4,70-74,1,1133,104946
1,4,70-74,2,1440,131168
1,4,75-79,1,805,68939
1,4,75-79,2,1094,97822
1,4,80+,1,963,80605
1,4,80+,2,1507,125408
2,0,0-4,1,23647,4637810
2,0,0-4,2,23253,4508533
2,0,5-9,1,28691,5096527
2,0,5-9,2,27424,4889661
2,0,10-14,1,32949,5601046
2,0,10-14,2,31384,5398303
2,0,15-19,1,42528,5764115
2,0,15-19,2,40362,5490247
2,0,20-24,1,40630,5728718
2,0,20-24,2,35677,5636083
2,0,25-29,1,36530,5682700
2,0,25-29,2,31195,5733651
2,0,30-34,1,39210,6056071
2,0,30-34,2,34879,6301543
2,0,35-39,1,36664,5303389
2,0,35-39,2,34330,5695253
2,0,40-44,1,35929,5236854
2,0,40-44,2,35348,5691139
2,0,45-49,1,33947,4490514
2,0,45-49,2,34153,5043566
2,0,50-54,1,36611,4634155
2,0,50-54,2,38610,5130146
2,0,55-59,1,38848,4309466
2,0,55-59,2,43183,4956907
2,0,60-64,1,41481,4465205
2,0,60-64,2,47909,5255666
2,0,65-69,1,36696,3504624
2,0,65-69,2,45742,4401691
2,0,70-74,1,27586,2535318
2,0,70-74,2,36854,3447931
2,0,75-79,1,16875,1485862
2,0,75-79,2,24060,2198076
2,0,80+,1,16229,1400748
2,0,80+,2,30444,2686725
2,1,0-4,1,482,74672
2,1,0-4,2,477,70902
2,1,5-9,1,552,81033
2,1,5-9,2,517,71702
2,1,10-14,1,530,75450
2,1,10-14,2,515,71178
2,1,15-19,1,616,67414
2,1,15-19,2,469,56625
2,1,20-24,1,447,52177
2,1,20-24,2,418,53779
2,1,25-29,1,327,41178
2,1,25-29,2,325,45007
2,1,30-34,1,281,35905
2,1,30-34,2,325,41312
2,1,35-39,1,175,23683
2,1,35-39,2,202,28487
2,1,40-44,1,147,21454
2,1,40-44,2,194,25410
2,1,45-49,1,106,11692
2,1,45-49,2,108,13824
2,1,50-54,1,89,12435
2,1,50-54,2,81,11556
2,1,55-59,1,50,5781
2,1,55-59,2,74,7033
2,1,60-64,1,56,4641
2,1,60-64,2,65,6847
2,1,65-69,1,53,5502
2,1,65-69,2,63,7921
2,1,70-74,1,35,3717
2,1,70-74,2,43,4256
2,1,75-79,1,30,3827
2,1,75-79,2,40,4505
2,1,80+,1,43,2733
2,1,80+,2,43,3377
2,2,0-4,1,548,100575
2,2,0-4,2,437,75929
2,2,5-9,1,548,82877
2,2,5-9,2,503,80655
2,2,10-14,1,589,89425
2,2,10-14,2,520,85054
2,2,15-19,1,671,82764
2,2,15-19,2,585,71495
2,2,20-24,1,605,67780
2,2,20-24,2,551,71788
2,2,25-29,1,444,58248
2,2,25-29,2,490,65640
2,2,30-34,1,430,57636
2,2,30-34,2,489,65932
2,2,35-39,1,323,48500
2,2,35-39,2,418,60134
2,2,40-44,1,255,30322
2,2,40-44,2,314,44699
2,2,45-49,1,204,28402
2,2,45-49,2,258,32266
2,2,50-54,1,165,20519
2,2,50-54,2,228,28091
2,2,55-59,1,126,17276
2,2,55-59,2,172,21840
2,2,60-64,1,94,12137
2,2,60-64,2,114,14682
2,2,65-69,1,86,8641
2,2,65-69,2,102,10318
2,2,70-74,1,51,6650
2,2,70-74,2,70,7794
2,2,75-79,1,36,3872
2,2,75-79,2,54,7304
2,2,80+,1,32,3234
2,2,80+,2,59,5170
2,3,0-4,1,57,8091
2,3,0-4,2,44,8454
2,3,5-9,1,53,7294
2,3,5-9,2,71,10277
2,3,10-14,1,81,10952
2,3,10-14,2,63,10010
2,3,15-19,1,79,8452
2,3,15-19,2,65,8326
2,3,20-24,1,80,8681
2,3,20-24,2,65,7076
2,3,25-29,1,79,11041
2,3,25-29,2,56,6032
2,3,30-34,1,106,15276
2,3,30-34,2,85,11850
2,3,35-39,1,65,8128
2,3,35-39,2,57,8317
2,3,40-44,1,55,6859
2,3,40-44,2,62,7755
2,3,45-49,1,60,8041
2,3,45-49,2,45,5110
2,3,50-54,1,56,6780
2,3,50-54,2,49,5953
2,3,55-59,1,67,7178
2,3,55-59,2,62,8082
2,3,60-64,1,49,6365
2,3,60-64,2,50,5969
2,3,65-69,1,44,3926
2,3,65-69,2,39,4384
2,3,70-74,1,38,3784
2,3,70-74,2,20,1962
2,3,75-79,1,13,1519
2,3,75-79,2,25,2526
2,3,80+,1,26,2246
2,3,80+,2,41,3298
2,4,0-4,1,430,68484
2,4,0-4,2,413,74125
2,4,5-9,1,445,67311
2,4,5-9,2,409,61873
2,4,10-14,1,453,62985
2,4,10-14,2,459,69408
2,4,15-19,1,605,62073
2,4,15-19,2,586,67953
2,4,20-24,1,607,67480
2,4,20-24,2,558,69277
2,4,25-29,1,496,62495
2,4,25-29,2,492,62498
2,4,30-34,1,482,62907
2,4,30-34,2,524,68816
2,4,35-39,1,387,48407
2,4,35-39,2,399,59304
2,4,40-44,1,310,37866
2,4,40-44,2,344,46688
2,4,45-49,1,254,32266
2,4,45-49,2,284,38648
2,4,50-54,1,203,25488
2,4,50-54,2,248,30140
2,4,55-59,1,197,24651
2,4,55-59,2,224,28502
2,4,60-64,1,171,21516
2,4,60-64,2,209,25683
2,4,65-69,1,121,14280
2,4,65-69,2,152,16928
2,4,70-74,1,88,8981
2,4,70-74,2,111,12296
2,4,75-79,1,46,5938
2,4,75-79,2,95,10498
2,4,80+,1,66,6937
2,4,80+,2,112,13356
3,0,0-4,1,3095,199726
3,0,0-4,2,2896,189303
3,0,5-9,1,3970,248732
3,0,5-9,2,3901,234391
3,0,10-14,1,4525,270708
3,0,10-14,2,4332,259148
3,0,15-19,1,4873,289715
3,0,15-19,2,4433,267968
3,0,20-24,1,3681,263143
3,0,20-24,2,3259,245602
3,0,25-29,1,3500,248096
3,0,25-29,2,3097,237411
3,0,30-34,1,3880,262009
3,0,30-34,2,3517,253103
3,0,35-39,1,3795,237616
3,0,35-39,2,3420,243996
3,0,40-44,1,3559,239419
3,0,40-44,2,3328,230921
3,0,45-49,1,3325,212963
3,0,45-49,2,3191,201662
3,0,50-54,1,3565,207870
3,0,50-54,2,3574,210954
3,0,55-59,1,3735,193969
3,0,55-59,2,4074,219881
3,0,60-64,1,3880,200066
3,0,60-64,2,4461,226976
3,0,65-69,1,3211,150266
3,0,65-69,2,3768,181666
3,0,70-74,1,2492,117753
3,0,70-74,2,2926,139959
3,0,75-79,1,1556,71770
3,0,75-79,2,1884,92546
3,0,80+,1,1422,63007
3,0,80+,2,2120,100771
3,1,0-4,1,989,122474
3,1,0-4,2,966,125397
3,1,5-9,1,1316,152707
3,1,5-9,2,1285,147947
3,1,10-14,1,1518,179594
3,1,10-14,2,1540,176346
3,1,15-19,1,1892,207113
3,1,15-19,2,1921,206958
3,1,20-24,1,1856,205931
3,1,20-24,2,1660,187966
3,1,25-29,1,1750,187972
3,1,25-29,2,1503,172971
3,1,30-34,1,1833,203151
3,1,30-34,2,1525,166704
3,1,35-39,1,1654,198168
3,1,35-39,2,1492,172430
3,1,40-44,1,1579,186767
3,1,40-44,2,1503,166560
3,1,45-49,1,1554,176657
3,1,45-49,2,1412,152636
3,1,50-54,1,1251,140062
3,1,50-54,2,1216,125389
3,1,55-59,1,1066,111771
3,1,55-59,2,1019,95359
3,1,60-64,1,871,89758
3,1,60-64,2,845,78438
3,1,65-69,1,628,55315
3,1,65-69,2,690,60552
3,1,70-74,1,437,38696
3,1,70-74,2,432,37658
3,1,75-79,1,227,18986
3,1,75-79,2,259,22621
3,1,80+,1,174,16738
3,1,80+,2,284,22852
3,2,0-4,1,33,5705
3,2,0-4,2,52,6424
3,2,5-9,1,47,5220
3,2,5-9,2,68,9049
3,2,10-14,1,70,9954
3,2,10-14,2,66,8332
3,2,15-19,1,70,7874
3,2,15-19,2,67,7482
3,2,20-24,1,65,7008
3,2,20-24,2,70,9240
3,2,25-29,1,57,7547
3,2,25-29,2,80,8809
3,2,30-34,1,70,9673
3,2,30-34,2,73,8420
3,2,35-39,1,80,8967
3,2,35-39,2,73,8537
3,2,40-44,1,92,13388
3,2,40-44,2,93,13138
3,2,45-49,1,66,8303
3,2,45-49,2,83,9495
3,2,50-54,1,59,6827
3,2,50-54,2,65,8832
3,2,55-59,1,70,8602
3,2,55-59,2,62,7281
3,2,60-64,1,51,7692
3,2,60-64,2,56,6378
3,2,65-69,1,40,4417
3,2,65-69,2,50,4883
3,2,70-74,1,16,2308
3,2,70-74,2,26,2547
3,2,75-79,1,15,1448
3,2,75-79,2,11,934
3,2,80+,1,11,940
3,2,80+,2,12,1194
3,3,0-4,1,8,1497
3,3,0-4,2,15,2027
3,3,5-9,1,11,1181
3,3,5-9,2,11,1900
3,3,10-14,1,10,638
3,3,10-14,2,10,1263
3,3,15-19,1,5,356
3,3,15-19,2,12,1297
3,3,20-24,1,5,950
3,3,20-24,2,9,757
3,3,25-29,1,7,268
3,3,25-29,2,9,1878
3,3,30-34,1,5,675
3,3,30-34,2,7,1458
3,3,35-39,1,7,1572
3,3,35-39,2,6,1297
3,3,40-44,1,6,543
3,3,40-44,2,13,1231
3,3,45-49,1,5,709
3,3,45-49,2,6,773
3,3,50-54,1,5,216
3,3,50-54,2,4,993
3,3,55-59,1,4,622
3,3,55-59,2,8,1062
3,3,60-64,1,1,32
3,3,60-64,2,4,154
3,3,65-69,1,3,355
3,3,65-69,2,3,177
3,3,70-74,1,3,157
3,3,70-74,2,3,596
3,3,75-79,1,1,41
3,3,80+,1,3,360
3,3,80+,2,4,217
3,4,0-4,1,313,53139
3,4,0-4,2,344,57143
3,4,5-9,1,373,49731
3,4,5-9,2,353,46064
3,4,10-14,1,441,61679
3,4,10-14,2,415,55496
3,4,15-19,1,614,66382
3,4,15-19,2,566,61742
3,4,20-24,1,590,72321
3,4,20-24,2,493,60825
3,4,25-29,1,551,70794
3,4,25-29,2,488,62105
3,4,30-34,1,546,69479
3,4,30-34,2,492,60486
3,4,35-39,1,519,70849
3,4,35-39,2,466,54935
3,4,40-44,1,470,63499
3,4,40-44,2,461,59464
3,4,45-49,1,423,52408
3,4,45-49,2,363,39528
3,4,50-54,1,361,42204
3,4,50-54,2,329,37025
3,4,55-59,1,333,37604
3,4,55-59,2,262,29312
3,4,60-64,1,254,28126
3,4,60-64,2,282,27684
3,4,65-69,1,185,19801
3,4,65-69,2,220,23407
3,4,70-74,1,111,11336
3,4,70-74,2,155,13881
3,4,75-79,1,70,6037
3,4,75-79,2,83,9280
3,4,80+,1,68,6497
3,4,80+,2,117,10821
4,0,0-4,1,3223,323599
4,0,0-4,2,2994,282612
4,0,5-9,1,4315,413379
4,0,5-9,2,4025,371749
4,0,10-14,1,4779,452777
4,0,10-14,2,4600,421924
4,0,15-19,1,6191,485571
4,0,15-19,2,7000,533688
4,0,20-24,1,6823,586966
4,0,20-24,2,7280,625091
4,0,25-29,1,6857,664675
4,0,25-29,2,7429,715945
4,0,30-34,1,7394,740910
4,0,30-34,2,8369,797105
4,0,35-39,1,6749,673127
4,0,35-39,2,7889,742389
4,0,40-44,1,5774,554979
4,0,40-44,2,7346,678816
4,0,45-49,1,5885,554538
4,0,45-49,2,7649,675794
4,0,50-54,1,6258,553851
4,0,50-54,2,8364,711281
4,0,55-59,1,6309,542435
4,0,55-59,2,8189,672216
4,0,60-64,1,6243,534020
4,0,60-64,2,7580,620707
4,0,65-69,1,5645,477092
4,0,65-69,2,6554,544415
4,0,70-74,1,4602,385780
4,0,70-74,2,5506,459866
4,0,75-79,1,2698,232288
4,0,75-79,2,3132,279259
4,0,80+,1,3457,302724
4,0,80+,2,4583,403824
4,1,0-4,1,23,2697
4,1,0-4,2,28,3507
4,1,5-9,1,24,2828
4,1,5-9,2,19,1506
4,1,10-14,1,31,2132
4,1,10-14,2,25,2988
4,1,15-19,1,37,3976
4,1,15-19,2,29,2804
4,1,20-24,1,49,4835
4,1,20-24,2,38,3807
4,1,25-29,1,40,3852
4,1,25-29,2,47,4382
4,1,30-34,1,32,3517
4,1,30-34,2,36,3498
4,1,35-39,1,19,2402
4,1,35-39,2,23,2303
4,1,40-44,1,21,3513
4,1,40-44,2,22,2456
4,1,45-49,1,15,1933
4,1,45-49,2,13,1158
4,1,50-54,1,7,786
4,1,50-54,2,20,1200
4,1,55-59,1,10,1301
4,1,55-59,2,9,680
4,1,60-64,1,13,1182
4,1,60-64,2,16,1804
4,1,65-69,1,11,1206
4,1,65-69,2,4,329
4,1,70-74,1,1,190
4,1,70-74,2,6,498
4,1,75-79,1,5,354
4,1,75-79,2,9,1018
4,1,80+,1,8,760
4,1,80+,2,4,384
4,2,0-4,1,2,708
4,2,0-4,2,6,433
4,2,5-9,1,7,469
4,2,5-9,2,3,406
4,2,10-14,1,7,560
4,2,10-14,2,5,478
4,2,15-19,1,10,1011
4,2,15-19,2,2,329
4,2,20-24,1,4,218
4,2,20-24,2,8,1197
4,2,25-29,1,7,843
4,2,25-29,2,16,1581
4,2,30-34,1,10,1186
4,2,30-34,2,9,847
4,2,35-39,1,5,405
4,2,35-39,2,8,724
4,2,40-44,1,1,269
4,2,40-44,2,10,1080
4,2,45-49,1,4,361
4,2,45-49,2,2,139
4,2,50-54,1,2,436
4,2,50-54,2,5,690
4,2,55-59,1,2,98
4,2,55-59,2,5,407
4,2,60-64,1,2,481
4,2,60-64,2,2,94
4,2,65-69,1,5,422
4,2,65-69,2,2,123
4,2,70-74,1,1,56
4,2,70-74,2,4,263
4,2,75-79,1,1,36
4,2,75-79,2,2,179
4,2,80+,1,3,360
4,2,80+,2,1,209
4,3,0-4,1,3,653
4,3,0-4,2,1,78
4,3,5-9,1,5,251
4,3,5-9,2,1,190
4,3,10-14,1,2,99
4,3,10-14,2,2,242
4,3,15-19,1,1,202
4,3,15-19,2,3,252
4,3,20-24,1,7,897
4,3,20-24,2,6,548
4,3,25-29,1,7,523
4,3,25-29,2,5,656
4,3,30-34,1,4,432
4,3,30-34,2,4,317
4,3,35-39,1,1,475
4,3,35-39,2,5,915
4,3,40-44,1,1,34
4,3,40-44,2,6,689
4,3,45-49,1,3,371
4,3,45-49,2,6,716
4,3,50-54,1,5,731
4,3,50-54,2,4,376
4,3,55-59,1,1,149
4,3,55-59,2,1,184
4,3,60-64,1,3,284
4,3,60-64,2,7,697
4,3,65-69,1,5,456
4,3,65-69,2,2,153
4,3,70-74,1,5,595
4,3,70-74,2,4,254
4,3,75-79,1,2,64
4,3,75-79,2,2,498
4,3,80+,1,3,343
4,3,80+,2,5,498
4,4,0-4,1,23,3206
4,4,0-4,2,24,2678
4,4,5-9,1,13,1706
4,4,5-9,2,20,2655
4,4,10-14,1,27,2908
4,4,10-14,2,29,3006
4,4,15-19,1,24,2452
4,4,15-19,2,25,2321
4,4,20-24,1,32,3934
4,4,20-24,2,42,3201
4,4,25-29,1,30,2748
4,4,25-29,2,21,3310
4,4,30-34,1,25,2226
4,4,30-34,2,38,4604
4,4,35-39,1,18,1854
4,4,35-39,2,32,2869
4,4,40-44,1,22,2218
4,4,40-44,2,27,2502
4,4,45-49,1,28,2582
4,4,45-49,2,21,1949
4,4,50-54,1,20,1679
4,4,50-54,2,27,3064
4,4,55-59,1,20,2075
4,4,55-59,2,25,2187
4,4,60-64,1,31,3277
4,4,60-64,2,19,1415
4,4,65-69,1,8,672
4,4,65-69,2,16,1796
4,4,70-74,1,8,1159
4,4,70-74,2,10,745
4,4,75-79,1,4,363
4,4,75-79,2,6,454
4,4,80+,1,5,571
4,4,80+,2,8,667
5,0,0-4,1,323,34700
5,0,0-4,2,321,33423
5,0,5-9,1,394,35144
5,0,5-9,2,395,38332
5,0,10-14,1,376,35824
5,0,10-14,2,381,39108
5,0,15-19,1,481,37919
5,0,15-19,2,433,34064
5,0,20-24,1,513,44565
5,0,20-24,2,530,48952
5,0,25-29,1,503,48254
5,0,25-29,2,559,57248
5,0,30-34,1,655,66287
5,0,30-34,2,756,73086
5,0,35-39,1,792,84985
5,0,35-39,2,1037,102482
5,0,40-44,1,815,89245
5,0,40-44,2,1255,123736
5,0,45-49,1,828,80667
5,0,45-49,2,1404,124549
5,0,50-54,1,981,85727
5,0,50-54,2,1603,141226
5,0,55-59,1,1113,96014
5,0,55-59,2,1633,131776
5,0,60-64,1,1284,105264
5,0,60-64,2,1707,133103
5,0,65-69,1,1424,110611
5,0,65-69,2,1656,133109
5,0,70-74,1,1158,92833
5,0,70-74,2,1590,120424
5,0,75-79,1,872,68998
5,0,75-79,2,1159,94946
5,0,80+,1,1155,92723
5,0,80+,2,2642,215586
5,1,0-4,1,17,2500
5,1,0-4,2,14,2361
5,1,5-9,1,19,3027
5,1,5-9,2,17,2657
5,1,10-14,1,26,3129
5,1,10-14,2,21,2751
5,1,15-19,1,37,3769
5,1,15-19,2,21,3113
5,1,20-24,1,45,6021
5,1,20-24,2,24,1951
5,1,25-29,1,29,3297
5,1,25-29,2,37,3933
5,1,30-34,1,21,2591
5,1,30-34,2,23,2873
5,1,35-39,1,25,2627
5,1,35-39,2,22,1765
5,1,40-44,1,22,3175
5,1,40-44,2,31,4359
5,1,45-49,1,20,2131
5,1,45-49,2,20,2363
5,1,50-54,1,12,1267
5,1,50-54,2,12,1220
5,1,55-59,1,14,1550
5,1,55-59,2,20,2003
5,1,60-64,1,11,1036
5,1,60-64,2,11,1051
5,1,65-69,1,14,1110
5,1,65-69,2,10,996
5,1,70-74,1,1,68
5,1,70-74,2,2,91
5,1,75-79,2,1,48
5,1,80+,1,4,543
5,1,80+,2,7,391
5,2,0-4,1,2,145
5,2,0-4,2,2,159
5,2,5-9,1,1,84
5,2,5-9,2,1,51
5,2,10-14,1,2,205
5,2,10-14,2,3,278
5,2,15-19,1,2,345
5,2,15-19,2,2,103
5,2,20-24,1,6,376
5,2,20-24,2,4,369
5,2,25-29,1,1,69
5,2,25-29,2,4,246
5,2,30-34,1,3,346
5,2,30-34,2,5,470
5,2,35-39,1,6,1898
5,2,40-44,1,5,365
5,2,40-44,2,3,216
5,2,45-49,1,4,367
5,2,45-49,2,2,345
5,2,50-54,1,3,113
5,2,50-54,2,4,361
5,2,55-59,1,3,262
5,2,55-59,2,3,197
5,2,60-64,1,2,170
5,2,60-64,2,2,66
5,2,65-69,1,1,69
5,2,65-69,2,1,50
5,2,70-74,1,1,144
5,2,70-74,2,1,45
5,2,80+,1,1,49
5,2,80+,2,1,30
5,3,0-4,1,2,262
5,3,0-4,2,1,121
5,3,5-9,1,2,99
5,3,5-9,2,1,54
5,3,10-14,1,2,79
5,3,15-19,1,2,370
5,3,20-24,1,1,138
5,3,20-24,2,2,177
5,3,25-29,1,4,834
5,3,25-29,2,2,438
5,3,30-34,1,4,239
5,3,30-34,2,2,153
5,3,35-39,2,1,28
5,3,40-44,1,1,125
5,3,45-49,1,1,40
5,3,50-54,2,2,125
5,3,55-59,1,3,550
5,3,60-64,2,1,148
5,3,65-69,2,2,156
5,3,70-74,1,1,86
5,3,75-79,2,1,71
5,3,80+,2,3,557
5,4,0-4,1,7,653
5,4,0-4,2,10,1221
5,4,5-9,1,5,574
5,4,5-9,2,4,388
5,4,10-14,1,15,1360
5,4,10-14,2,9,738
5,4,15-19,1,11,809
5,4,15-19,2,14,832
5,4,20-24,1,7,554
5,4,20-24,2,13,1258
5,4,25-29,1,17,2428
5,4,25-29,2,11,1157
5,4,30-34,1,15,1409
5,4,30-34,2,15,1679
5,4,35-39,1,8,1105
5,4,35-39,2,14,1098
5,4,40-44,1,12,1120
5,4,40-44,2,12,1277
5,4,45-49,1,7,618
5,4,45-49,2,19,2403
5,4,50-54,1,16,1377
5,4,50-54,2,16,1317
5,4,55-59,1,6,476
5,4,55-59,2,10,885
5,4,60-64,1,3,307
5,4,60-64,2,14,1532
5,4,65-69,1,4,556
5,4,65-69,2,7,989
5,4,70-74,1,6,517
5,4,70-74,2,8,655
5,4,75-79,1,5,560
5,4,75-79,2,9,1295
5,4,80+,2,9,706
6,0,0-4,1,12581,1485921
6,0,0-4,2,12432,1441945
6,0,5-9,1,15803,1708797
6,0,5-9,2,14999,1606259
6,0,10-14,1,17411,1843733
6,0,10-14,2,16476,1722306
6,0,15-19,1,20124,1829549
6,0,15-19,2,19795,1749963
6,0,20-24,1,19784,1929605
6,0,20-24,2,18256,1778928
6,0,25-29,1,20446,2199606
6,0,25-29,2,20092,2193730
6,0,30-34,1,21981,2543061
6,0,30-34,2,24298,2696098
6,0,35-39,1,22859,2628297
6,0,35-39,2,25839,2786031
6,0,40-44,1,21816,2448375
6,0,40-44,2,26087,2720966
6,0,45-49,1,21030,2161961
6,0,45-49,2,24307,2357669
6,0,50-54,1,20017,1972801
6,0,50-54,2,22998,2107339
6,0,55-59,1,17131,1605116
6,0,55-59,2,19911,1794376
6,0,60-64,1,15139,1377114
6,0,60-64,2,18202,1603380
6,0,65-69,1,12765,1161343
6,0,65-69,2,16363,1478810
6,0,70-74,1,9746,871102
6,0,70-74,2,13187,1157668
6,0,75-79,1,6838,624492
6,0,75-79,2,9025,844726
6,0,80+,1,6966,626170
6,0,80+,2,9689,880684
6,1,0-4,1,206,25853
6,1,0-4,2,231,30594
6,1,5-9,1,250,28525
6,1,5-9,2,214,25485
6,1,10-14,1,235,26021
6,1,10-14,2,251,30368
6,1,15-19,1,264,30889
6,1,15-19,2,285,26317
6,1,20-24,1,258,29216
6,1,20-24,2,250,26296
6,1,25-29,1,240,26288
6,1,25-29,2,256,31843
6,1,30-34,1,228,28029
6,1,30-34,2,231,24420
6,1,35-39,1,173,22056
6,1,35-39,2,158,18512
6,1,40-44,1,113,14112
6,1,40-44,2,134,15171
6,1,45-49,1,111,13175
6,1,45-49,2,109,10645
6,1,50-54,1,90,11736
6,1,50-54,2,93,9870
6,1,55-59,1,57,5933
6,1,55-59,2,59,5653
6,1,60-64,1,54,5081
6,1,60-64,2,59,5324
6,1,65-69,1,46,4308
6,1,65-69,2,49,3870
6,1,70-74,1,22,2599
6,1,70-74,2,44,2865
6,1,75-79,1,20,1938
6,1,75-79,2,29,2396
6,1,80+,1,20,2153
6,1,80+,2,26,1969
6,2,0-4,1,75,9917
6,2,0-4,2,57,9000
6,2,5-9,1,63,7789
6,2,5-9,2,50,6791
6,2,10-14,1,72,9248
6,2,10-14,2,78,10015
6,2,15-19,1,83,10531
6,2,15-19,2,84,7093
6,2,20-24,1,94,9685
6,2,20-24,2,89,7000
6,2,25-29,1,64,7439
6,2,25-29,2,71,8322
6,2,30-34,1,57,6790
6,2,30-34,2,60,6853
6,2,35-39,1,49,4659
6,2,35-39,2,64,7911
6,2,40-44,1,37,4956
6,2,40-44,2,63,7928
6,2,45-49,1,43,5794
6,2,45-49,2,47,5844
6,2,50-54,1,28,2752
6,2,50-54,2,39,4468
6,2,55-59,1,22,2394
6,2,55-59,2,33,3350
6,2,60-64,1,24,2849
6,2,60-64,2,13,1811
6,2,65-69,1,16,1270
6,2,65-69,2,20,2243
6,2,70-74,1,7,514
6,2,70-74,2,16,1535
6,2,75-79,1,11,661
6,2,75-79,2,13,1145
6,2,80+,1,15,1929
6,2,80+,2,15,1312
6,3,0-4,1,21,2961
6,3,0-4,2,21,2022
6,3,5-9,1,19,2336
6,3,5-9,2,17,1910
6,3,10-14,1,10,1685
6,3,10-14,2,14,1446
6,3,15-19,1,14,1332
6,3,15-19,2,12,886
6,3,20-24,1,30,2439
6,3,20-24,2,15,2011
6,3,25-29,1,22,2812
6,3,25-29,2,12,1473
6,3,30-34,1,28,2427
6,3,30-34,2,27,2917
6,3,35-39,1,20,2536
6,3,35-39,2,15,1493
6,3,40-44,1,16,1723
6,3,40-44,2,7,519
6,3,45-49,1,5,729
6,3,45-49,2,8,721
6,3,50-54,1,7,580
6,3,50-54,2,13,866
6,3,55-59,1,12,1640
6,3,55-59,2,8,1030
6,3,60-64,1,9,951
6,3,60-64,2,12,1264
6,3,65-69,1,6,464
6,3,65-69,2,5,476
6,3,70-74,1,4,447
6,3,70-74,2,4,331
6,3,75-79,2,7,473
6,3,80+,1,11,979
6,3,80+,2,17,2369
6,4,0-4,1,83,10358
6,4,0-4,2,83,11839
6,4,5-9,1,78,9965
6,4,5-9,2,100,13170
6,4,10-14,1,103,11104
6,4,10-14,2,95,12306
6,4,15-19,1,133,14678
6,4,15-19,2,140,13601
6,4,20-24,1,135,14307
6,4,20-24,2,148,16961
6,4,25-29,1,92,10590
6,4,25-29,2,105,12608
6,4,30-34,1,105,12868
6,4,30-34,2,124,14163
6,4,35-39,1,93,10565
6,4,35-39,2,89,9891
6,4,40-44,1,75,7879
6,4,40-44,2,72,9364
6,4,45-49,1,61,8796
6,4,45-49,2,88,9426
6,4,50-54,1,60,7066
6,4,50-54,2,94,10075
6,4,55-59,1,56,5394
6,4,55-59,2,75,8116
6,4,60-64,1,45,3907
6,4,60-64,2,69,7431
6,4,65-69,1,42,3557
6,4,65-69,2,44,4048
6,4,70-74,1,40,3767
6,4,70-74,2,49,5255
6,4,75-79,1,19,1738
6,4,75-79,2,36,3210
6,4,80+,1,38,3327
6,4,80+,2,37,2607
7,0,0-4,1,2756,342095
7,0,0-4,2,2509,311718
7,0,5-9,1,2801,338433
7,0,5-9,2,2627,317429
7,0,10-14,1,2865,328403
7,0,10-14,2,2697,319350
7,0,15-19,1,2622,283928
7,0,15-19,2,2566,275363
7,0,20-24,1,2027,244600
7,0,20-24,2,1868,225694
7,0,25-29,1,1958,243401
7,0,25-29,2,1807,225428
7,0,30-34,1,2285,274393
7,0,30-34,2,2119,257449
7,0,35-39,1,2481,280354
7,0,35-39,2,2353,271273
7,0,40-44,1,2451,285949
7,0,40-44,2,2330,272747
7,0,45-49,1,2158,246046
7,0,45-49,2,2055,227594
7,0,50-54,1,2049,216635
7,0,50-54,2,2003,211434
7,0,55-59,1,1955,192657
7,0,55-59,2,2008,197413
7,0,60-64,1,2108,201338
7,0,60-64,2,2033,184316
7,0,65-69,1,1677,146275
7,0,65-69,2,1743,147290
7,0,70-74,1,1181,97873
7,0,70-74,2,1174,98215
7,0,75-79,1,737,62725
7,0,75-79,2,690,59552
7,0,80+,1,579,50171
7,0,80+,2,753,68674
7,1,0-4,1,11777,1762790
7,1,0-4,2,11470,1726007
7,1,5-9,1,14415,2003425
7,1,5-9,2,13715,1919170
7,1,10-14,1,17301,2422147
7,1,10-14,2,16479,2291828
7,1,15-19,1,19690,2473918
7,1,15-19,2,18456,2351224
7,1,20-24,1,19480,2420815
7,1,20-24,2,17597,2256179
7,1,25-29,1,19186,2313552
7,1,25-29,2,17001,2121891
7,1,30-34,1,18038,2275781
7,1,30-34,2,16241,2024030
7,1,35-39,1,16829,2216412
7,1,35-39,2,14863,1877155
7,1,40-44,1,16133,2162790
7,1,40-44,2,15016,1904081
7,1,45-49,1,15047,1930625
7,1,45-49,2,14802,1781163
7,1,50-54,1,13754,1710890
7,1,50-54,2,13667,1539777
7,1,55-59,1,11908,1382114
7,1,55-59,2,11605,1252567
7,1,60-64,1,9765,1085047
7,1,60-64,2,9828,1016427
7,1,65-69,1,7507,767314
7,1,65-69,2,7666,758544
7,1,70-74,1,4989,491078
7,1,70-74,2,5456,527020
7,1,75-79,1,3055,285421
7,1,75-79,2,3614,340426
7,1,80+,1,2948,268187
7,1,80+,2,4621,402471
7,2,0-4,1,890,155038
7,2,0-4,2,1026,176608
7,2,5-9,1,1197,200695
7,2,5-9,2,1185,188899
7,2,10-14,1,1580,248449
7,2,10-14,2,1473,227790
7,2,15-19,1,1786,240028
7,2,15-19,2,1582,216304
7,2,20-24,1,1717,231114
7,2,20-24,2,1469,214880
7,2,25-29,1,1824,251818
7,2,25-29,2,1696,232573
7,2,30-34,1,2002,274179
7,2,30-34,2,1879,257153
7,2,35-39,1,1802,266493
7,2,35-39,2,1762,247145
7,2,40-44,1,1832,273180
7,2,40-44,2,1826,261637
7,2,45-49,1,1751,246279
7,2,45-49,2,1785,250584
7,2,50-54,1,1705,224794
7,2,50-54,2,1872,241249
7,2,55-59,1,1685,216499
7,2,55-59,2,1801,225036
7,2,60-64,1,1514,183741
7,2,60-64,2,1706,212843
7,2,65-69,1,1174,143136
7,2,65-69,2,1397,170409
7,2,70-74,1,847,101092
7,2,70-74,2,1053,128284
7,2,75-79,1,539,60273
7,2,75-79,2,749,90080
7,2,80+,1,656,75491
7,2,80+,2,978,115984
7,3,0-4,1,226,35470
7,3,0-4,2,200,28913
7,3,5-9,1,214,27998
7,3,5-9,2,246,32521
7,3,10-14,1,260,32244
7,3,10-14,2,228,30505
7,3,15-19,1,291,32529
7,3,15-19,2,236,24059
7,3,20-24,1,339,39621
7,3,20-24,2,311,40573
7,3,25-29,1,399,47227
7,3,25-29,2,339,43850
7,3,30-34,1,467,65759
7,3,30-34,2,436,52080
7,3,35-39,1,462,64210
7,3,35-39,2,410,53764
7,3,40-44,1,351,49096
7,3,40-44,2,331,42017
7,3,45-49,1,372,47724
7,3,45-49,2,354,43963
7,3,50-54,1,475,61647
7,3,50-54,2,323,37708
7,3,55-59,1,439,51167
7,3,55-59,2,425,45549
7,3,60-64,1,343,37019
7,3,60-64,2,289,28614
7,3,65-69,1,254,24990
7,3,65-69,2,228,21640
7,3,70-74,1,183,17856
7,3,70-74,2,205,20531
7,3,75-79,1,148,13025
7,3,75-79,2,153,12678
7,3,80+,1,220,21737
7,3,80+,2,296,26655
7,4,0-4,1,5599,1006725
7,4,0-4,2,5462,972665
7,4,5-9,1,6509,1039024
7,4,5-9,2,6329,1007468
7,4,10-14,1,7315,1124761
7,4,10-14,2,7060,1095012
7,4,15-19,1,8852,1146324
7,4,15-19,2,8136,1052615
7,4,20-24,1,9225,1205756
7,4,20-24,2,8041,1078992
7,4,25-29,1,8961,1158157
7,4,25-29,2,8509,1114408
7,4,30-34,1,9142,1257257
7,4,30-34,2,8767,1140983
7,4,35-39,1,8578,1266344
7,4,35-39,2,8143,1101420
7,4,40-44,1,7960,1168062
7,4,40-44,2,8118,1087493
7,4,45-49,1,6658,971917
7,4,45-49,2,7416,980493
7,4,50-54,1,6143,855168
7,4,50-54,2,6729,838926
7,4,55-59,1,5443,707624
7,4,55-59,2,6235,746348
7,4,60-64,1,4516,560832
7,4,60-64,2,5589,647398
7,4,65-69,1,3316,383714
7,4,65-69,2,4421,502528
7,4,70-74,1,2346,268235
7,4,70-74,2,3184,351357
7,4,75-79,1,1309,143431
7,4,75-79,2,2013,226972
7,4,80+,1,1407,146502
7,4,80+,2,2689,276319
8,0,0-4,1,24582,2778456
8,0,0-4,2,23717,2630576
8,0,5-9,1,26416,2800550
8,0,5-9,2,25542,2684885
8,0,10-14,1,27028,2820887
8,0,10-14,2,25774,2650685
8,0,15-19,1,25950,2492196
8,0,15-19,2,24827,2381904
8,0,20-24,1,18841,2015273
8,0,20-24,2,17588,1956914
8,0,25-29,1,17217,1909614
8,0,25-29,2,16920,1932357
8,0,30-34,1,17639,1889427
8,0,30-34,2,17718,1903261
8,0,35-39,1,16700,1696671
8,0,35-39,2,17265,1732862
8,0,40-44,1,15812,1560935
8,0,40-44,2,16329,1606172
8,0,45-49,1,13871,1300926
8,0,45-49,2,14455,1334053
8,0,50-54,1,13724,1200722
8,0,50-54,2,15000,1286718
8,0,55-59,1,13555,1073036
8,0,55-59,2,15357,1207475
8,0,60-64,1,14140,1081492
8,0,60-64,2,15949,1219744
8,0,65-69,1,11544,823944
8,0,65-69,2,13664,980861
8,0,70-74,1,8349,589633
8,0,70-74,2,10160,717360
8,0,75-79,1,5290,358502
8,0,75-79,2,6647,472271
8,0,80+,1,4836,338620
8,0,80+,2,7182,507547
8,1,0-4,1,16201,2454406
8,1,0-4,2,15507,2337094
8,1,5-9,1,18822,2664620
8,1,5-9,2,17755,2456227
8,1,10-14,1,20980,2941310
8,1,10-14,2,20305,2790908
8,1,15-19,1,23864,2953301
8,1,15-19,2,21922,2784921
8,1,20-24,1,20505,2627270
8,1,20-24,2,17908,2424955
8,1,25-29,1,18212,2290561
8,1,25-29,2,16120,2137684
8,1,30-34,1,17402,2271995
8,1,30-34,2,15804,2046891
8,1,35-39,1,16035,2190785
8,1,35-39,2,15309,1995301
8,1,40-44,1,15929,2203797
8,1,40-44,2,15615,2032616
8,1,45-49,1,15101,1998858
8,1,45-49,2,15655,1922018
8,1,50-54,1,14547,1804044
8,1,50-54,2,15032,1745199
8,1,55-59,1,12664,1482820
8,1,55-59,2,13192,1432084
8,1,60-64,1,11117,1240753
8,1,60-64,2,11938,1232820
8,1,65-69,1,8974,895492
8,1,65-69,2,9790,963443
8,1,70-74,1,6481,632022
8,1,70-74,2,7218,680478
8,1,75-79,1,4066,377630
8,1,75-79,2,4882,463436
8,1,80+,1,4081,374570
8,1,80+,2,6273,566930
8,2,0-4,1,2314,364604
8,2,0-4,2,2335,355146
8,2,5-9,1,2715,401117
8,2,5-9,2,2479,351526
8,2,10-14,1,2889,405391
8,2,10-14,2,2699,367696
8,2,15-19,1,2933,361208
8,2,15-19,2,2898,350836
8,2,20-24,1,2556,317449
8,2,20-24,2,2340,303203
8,2,25-29,1,2418,313184
8,2,25-29,2,2183,290353
8,2,30-34,1,2500,335475
8,2,30-34,2,2289,299594
8,2,35-39,1,2299,318944
8,2,35-39,2,2062,279740
8,2,40-44,1,2216,313579
8,2,40-44,2,2082,286464
8,2,45-49,1,2068,278423
8,2,45-49,2,2109,280081
8,2,50-54,1,2109,268207
8,2,50-54,2,2156,262092
8,2,55-59,1,2138,251048
8,2,55-59,2,2351,263498
8,2,60-64,1,1984,226016
8,2,60-64,2,2117,231485
8,2,65-69,1,1650,178122
8,2,65-69,2,1844,204433
8,2,70-74,1,1181,128083
8,2,70-74,2,1499,157448
8,2,75-79,1,790,82042
8,2,75-79,2,1074,116556
8,2,80+,1,817,80913
8,2,80+,2,1394,144914
8,3,0-4,1,1121,159989
8,3,0-4,2,1139,165039
8,3,5-9,1,1254,161250
8,3,5-9,2,1237,149002
8,3,10-14,1,1334,161753
8,3,10-14,2,1310,157246
8,3,15-19,1,1532,174282
8,3,15-19,2,1413,159829
8,3,20-24,1,1569,181926
8,3,20-24,2,1506,179330
8,3,25-29,1,1666,201309
8,3,25-29,2,1599,185602
8,3,30-34,1,1908,238758
8,3,30-34,2,1899,230522
8,3,35-39,1,1975,269306
8,3,35-39,2,1911,232530
8,3,40-44,1,1680,223358
8,3,40-44,2,1614,190919
8,3,45-49,1,1914,247351
8,3,45-49,2,1844,213374
8,3,50-54,1,2215,262481
8,3,50-54,2,2045,227433
8,3,55-59,1,2406,276263
8,3,55-59,2,2337,249476
8,3,60-64,1,2190,235759
8,3,60-64,2,2167,218260
8,3,65-69,1,1540,159708
8,3,65-69,2,1781,170817
8,3,70-74,1,1259,131711
8,3,70-74,2,1563,154890
8,3,75-79,1,1024,96753
8,3,75-79,2,1233,122291
8,3,80+,1,1448,129558
8,3,80+,2,2596,225447
8,4,0-4,1,7213,1125921
8,4,0-4,2,7106,1088764
8,4,5-9,1,7910,1091265
8,4,5-9,2,7720,1066521
8,4,10-14,1,8488,1159155
8,4,10-14,2,7938,1070991
8,4,15-19,1,9484,1145019
8,4,15-19,2,8947,1060770
8,4,20-24,1,8378,1041449
8,4,20-24,2,7475,938798
8,4,25-29,1,7929,993533
8,4,25-29,2,7346,942900
8,4,30-34,1,8146,1064089
8,4,30-34,2,7915,1005403
8,4,35-39,1,7805,1116303
8,4,35-39,2,8006,1038384
8,4,40-44,1,7675,1055291
8,4,40-44,2,8114,1047024
8,4,45-49,1,7046,959747
8,4,45-49,2,8005,964590
8,4,50-54,1,6803,856787
8,4,50-54,2,7693,881882
8,4,55-59,1,6376,761007
8,4,55-59,2,7706,839098
8,4,60-64,1,5634,623164
8,4,60-64,2,6993,729056
8,4,65-69,1,4335,461123
8,4,65-69,2,5658,581779
8,4,70-74,1,3153,323014
8,4,70-74,2,4414,448479
8,4,75-79,1,2157,205306
8,4,75-79,2,3109,301852
8,4,80+,1,2365,219072
8,4,80+,2,4111,391387
9,0,0-4,1,3144,372159
9,0,0-4,2,2816,345341
9,0,5-9,1,2966,334070
9,0,5-9,2,2923,323797
9,0,10-14,1,3011,342965
9,0,10-14,2,2845,321266
9,0,15-19,1,2838,287635
9,0,15-19,2,2895,281381
9,0,20-24,1,1933,210904
9,0,20-24,2,1913,220346
9,0,25-29,1,1705,204509
9,0,25-29,2,1780,212519
9,0,30-34,1,1724,200394
9,0,30-34,2,1736,208513
9,0,35-39,1,1405,157378
9,0,35-39,2,1516,178736
9,0,40-44,1,1240,138919
9,0,40-44,2,1418,156544
9,0,45-49,1,1012,104659
9,0,45-49,2,1168,129082
9,0,50-54,1,973,94151
9,0,50-54,2,1173,117607
9,0,55-59,1,877,75922
9,0,55-59,2,1061,96959
9,0,60-64,1,835,70673
9,0,60-64,2,1058,94806
9,0,65-69,1,689,53832
9,0,65-69,2,885,75085
9,0,70-74,1,482,37083
9,0,70-74,2,638,52122
9,0,75-79,1,311,24154
9,0,75-79,2,424,37042
9,0,80+,1,301,23505
9,0,80+,2,501,43926
9,1,0-4,1,1723,228472
9,1,0-4,2,1613,214494
9,1,5-9,1,1601,199119
9,1,5-9,2,1574,199016
9,1,10-14,1,1578,194714
9,1,10-14,2,1521,187560
9,1,15-19,1,1464,156778
9,1,15-19,2,1393,152047
9,1,20-24,1,1087,114730
9,1,20-24,2,1030,117898
9,1,25-29,1,949,101931
9,1,25-29,2,765,83374
9,1,30-34,1,871,97264
9,1,30-34,2,882,97891
9,1,35-39,1,706,87429
9,1,35-39,2,729,81688
9,1,40-44,1,750,84032
9,1,40-44,2,678,72418
9,1,45-49,1,622,65699
9,1,45-49,2,599,61042
9,1,50-54,1,503,56167
9,1,50-54,2,544,54910
9,1,55-59,1,496,49893
9,1,55-59,2,464,41389
9,1,60-64,1,374,37968
9,1,60-64,2,426,40879
9,1,65-69,1,300,27466
9,1,65-69,2,381,31879
9,1,70-74,1,240,20903
9,1,70-74,2,241,21255
9,1,75-79,1,134,11050
9,1,75-79,2,151,12896
9,1,80+,1,113,8145
9,1,80+,2,177,15669
9,2,0-4,1,516,79682
9,2,0-4,2,450,63128
9,2,5-9,1,503,70022
9,2,5-9,2,458,62920
9,2,10-14,1,529,67923
9,2,10-14,2,490,65426
9,2,15-19,1,472,56715
9,2,15-19,2,433,51658
9,2,20-24,1,338,41970
9,2,20-24,2,345,42941
9,2,25-29,1,283,30451
9,2,25-29,2,290,36260
9,2,30-34,1,325,39597
9,2,30-34,2,334,38451
9,2,35-39,1,296,34967
9,2,35-39,2,323,38108
9,2,40-44,1,291,41731
9,2,40-44,2,340,40438
9,2,45-49,1,223,26658
9,2,45-49,2,238,30771
9,2,50-54,1,189,25708
9,2,50-54,2,223,26024
9,2,55-59,1,157,18906
9,2,55-59,2,152,17638
9,2,60-64,1,123,14115
9,2,60-64,2,147,14871
9,2,65-69,1,101,11488
9,2,65-69,2,125,14287
9,2,70-74,1,87,10621
9,2,70-74,2,116,11404
9,2,75-79,1,46,4651
9,2,75-79,2,59,6025
9,2,80+,1,38,4670
9,2,80+,2,66,7448
9,3,0-4,1,117,15181
9,3,0-4,2,119,15022
9,3,5-9,1,104,10141
9,3,5-9,2,95,11345
9,3,10-14,1,90,10170
9,3,10-14,2,79,9110
9,3,15-19,1,66,5927
9,3,15-19,2,94,7931
9,3,20-24,1,73,7561
9,3,20-24,2,60,6476
9,3,25-29,1,53,5893
9,3,25-29,2,51,5962
9,3,30-34,1,57,6216
9,3,30-34,2,55,5545
9,3,35-39,1,66,8640
9,3,35-39,2,39,4492
9,3,40-44,1,28,3182
9,3,40-44,2,36,3685
9,3,45-49,1,38,5189
9,3,45-49,2,45,4641
9,3,50-54,1,45,4164
9,3,50-54,2,44,4868
9,3,55-59,1,37,2772
9,3,55-59,2,28,3336
9,3,60-64,1,26,3283
9,3,60-64,2,25,2295
9,3,65-69,1,20,1596
9,3,65-69,2,28,1936
9,3,70-74,1,18,1477
9,3,70-74,2,28,2688
9,3,75-79,1,8,1049
9,3,75-79,2,12,801
9,3,80+,1,15,1154
9,3,80+,2,17,1308
9,4,0-4,1,1169,160935
9,4,0-4,2,1036,141398
9,4,5-9,1,1157,140972
9,4,5-9,2,1040,133703
9,4,10-14,1,1114,137237
9,4,10-14,2,1055,128663
9,4,15-19,1,995,115428
9,4,15-19,2,969,102245
9,4,20-24,1,811,92092
9,4,20-24,2,664,76742
9,4,25-29,1,682,77406
9,4,25-29,2,630,77027
9,4,30-34,1,685,79882
9,4,30-34,2,650,76054
9,4,35-39,1,603,76422
9,4,35-39,2,682,82203
9,4,40-44,1,568,72018
9,4,40-44,2,643,76116
9,4,45-49,1,481,61192
9,4,45-49,2,576,63746
9,4,50-54,1,415,45459
9,4,50-54,2,532,59009
9,4,55-59,1,377,42334
9,4,55-59,2,500,54015
9,4,60-64,1,325,35546
9,4,60-64,2,408,43869
9,4,65-69,1,239,24046
9,4,65-69,2,346,35975
9,4,70-74,1,216,20998
9,4,70-74,2,266,26405
9,4,75-79,1,145,14232
9,4,75-79,2,168,17100
9,4,80+,1,88,9049
9,4,80+,2,176,16083
