year,race_ethnicity,sex,n_victims,n_offenders,weighted,victim_rate_per_100k,offender_rate_per_100k
2021,"American Indian or Alaska Native, Hispanic/Latino",Female,3,2,1373023,0.21849597566828813,0.14566398377885875
2021,"American Indian or Alaska Native, Hispanic/Latino",Male,2,4,1429661,0.13989330337751396,0.2797866067550279
2021,"American Indian or Alaska Native, Not Hispanic/Latino",Female,76,45,2384590,3.187130701713922,1.887116862856927
2021,"American Indian or Alaska Native, Not Hispanic/Latino",Male,150,163,2359758,6.356584022598928,6.9074879712241675
2021,"Asian, Hispanic/Latino",Male,4,3,420941,0.9502519355444111,0.7126889516583084
2021,"Asian, Not Hispanic/Latino",Female,69,14,11379697,0.6063430335623171,0.1230261227517745
2021,"Asian, Not Hispanic/Latino",Male,112,109,10564347,1.0601696441815096,1.0317722429980765
2021,"Black or African American, Hispanic/Latino",Female,12,6,1404350,0.8544878413500908,0.4272439206750454
2021,"Black or African American, Hispanic/Latino",Male,69,70,1388214,4.970415224165727,5.042450227414505
2021,"Black or African American, Not Hispanic/Latino",Female,1611,1018,23063636,6.985021789279019,4.413874724696488
2021,"Black or African American, Not Hispanic/Latino",Male,8010,8447,21387410,37.45194018350048,39.49519834332441
2021,"NA, Hispanic/Latino",Female,12,6,10774524,0.11137382960026819,0.055686914800134095
2021,"NA, Hispanic/Latino",Male,44,44,11276016,0.39020874039199666,0.39020874039199666
2021,"NA, Not Hispanic/Latino",Female,19,4,911912,2.0835343761240117,0.43863881602610777
2021,"NA, Not Hispanic/Latino",Male,32,38,937038,3.415016253342981,4.05533180084479
2021,"Native Hawaiian or Other Pacific Islander, Hispanic/Latino",Female,1,2,65168,1.5344954578934447,3.0689909157868893
2021,"Native Hawaiian or Other Pacific Islander, Hispanic/Latino",Male,2,4,69466,2.879106325396597,5.758212650793194
2021,"Native Hawaiian or Other Pacific Islander, Not Hispanic/Latino",Female,5,7,397529,1.2577698733928846,1.7608778227500383
2021,"Native Hawaiian or Other Pacific Islander, Not Hispanic/Latino",Male,24,25,395639,6.066136048266222,6.318891716943982
2021,"White, Hispanic/Latino",Female,409,237,16849181,2.427417688729203,1.4065965580166775
2021,"White, Hispanic/Latino",Male,1603,1621,17050318,9.401584181597082,9.507154060117823
2021,"White, Not Hispanic/Latino",Female,1844,1011,98502742,1.8720291055451026,1.0263673675195761
2021,"White, Not Hispanic/Latino",Male,3505,3926,97078914,3.610464781260326,4.044132590935247
2022,"American Indian or Alaska Native, Hispanic/Latino",Female,1,1,1395465,0.07166070091331563,0.07166070091331563
2022,"American Indian or Alaska Native, Hispanic/Latino",Male,3,3,1476166,0.20322917612246863,0.20322917612246863
2022,"American Indian or Alaska Native, Not Hispanic/Latino",Female,82,59,2288166,3.5836560808962283,2.5784842533277743
2022,"American Indian or Alaska Native, Not Hispanic/Latino",Male,194,184,2223978,8.723107872469962,8.273463136775634
2022,"Asian, Hispanic/Latino",Female,2,0,424446,0.4712024615616592,0
2022,"Asian, Hispanic/Latino",Male,2,5,434078,0.4607466860794604,1.151866715198651
2022,"Asian, Not Hispanic/Latino",Female,75,20,11671704,0.6425796953041304,0.17135458541443477
2022,"Asian, Not Hispanic/Latino",Male,126,138,10905162,1.1554161231167404,1.2654557538897635
2022,"Black or African American, Hispanic/Latino",Female,19,11,1476431,1.2868870946220987,0.7450398968864783
2022,"Black or African American, Hispanic/Latino",Male,78,65,1449603,5.380783566259176,4.483986305215979
2022,"Black or African American, Not Hispanic/Latino",Female,1600,1024,23350443,6.852118394498982,4.385355772479349
2022,"Black or African American, Not Hispanic/Latino",Male,7857,8025,21651640,36.288244216142516,37.06416696379581
2022,"NA, Hispanic/Latino",Female,15,3,10983668,0.13656640022258504,0.027313280044517003
2022,"NA, Hispanic/Latino",Male,51,56,11502543,0.443380216009625,0.48684886463801963
2022,"NA, Not Hispanic/Latino",Female,14,10,921061,1.5199861898397609,1.085704421314115
2022,"NA, Not Hispanic/Latino",Male,46,44,980925,4.689451283227566,4.4855620970002805
2022,"Native Hawaiian or Other Pacific Islander, Hispanic/Latino",Female,2,0,76089,2.6285008345490146,0
2022,"Native Hawaiian or Other Pacific Islander, Hispanic/Latino",Male,4,12,81602,4.901840641160756,14.705521923482268
2022,"Native Hawaiian or Other Pacific Islander, Not Hispanic/Latino",Female,6,4,393894,1.5232524486283112,1.0155016324188741
2022,"Native Hawaiian or Other Pacific Islander, Not Hispanic/Latino",Male,30,25,412981,7.264256709146426,6.053547257622021
2022,"White, Hispanic/Latino",Female,506,237,17025715,2.971975038933754,1.3920120241646239
2022,"White, Hispanic/Latino",Male,1841,1885,17223412,10.688938986073142,10.94440520844534
2022,"White, Not Hispanic/Latino",Female,1804,917,98083019,1.839258230825868,0.9349222825206879
2022,"White, Not Hispanic/Latino",Male,3365,3777,96855371,3.4742523468316486,3.8996288600247064
2023,"American Indian or Alaska Native, Hispanic/Latino",Male,9,4,1596654,0.5636787932764393,0.2505239081228619
2023,"American Indian or Alaska Native, Not Hispanic/Latino",Female,64,60,2285288,2.8005222974084667,2.6254896538204378
2023,"American Indian or Alaska Native, Not Hispanic/Latino",Male,181,209,2240070,8.080104639587157,9.33006557830782
2023,"Asian, Hispanic/Latino",Female,1,0,439099,0.2277390747872348,0
2023,"Asian, Hispanic/Latino",Male,5,4,445634,1.1219969750961551,0.8975975800769241
2023,"Asian, Not Hispanic/Latino",Female,116,24,11968860,0.9691816931604179,0.200520350309052
2023,"Asian, Not Hispanic/Latino",Male,170,166,11124877,1.5281067826637544,1.492151328954019
2023,"Black or African American, Hispanic/Latino",Female,12,7,1544191,0.7771059409101595,0.45331179886425965
2023,"Black or African American, Hispanic/Latino",Male,75,64,1486210,5.046393174585018,4.306255508979215
2023,"Black or African American, Not Hispanic/Latino",Female,1516,985,23469570,6.459428102006129,4.196923931712426
2023,"Black or African American, Not Hispanic/Latino",Male,7582,7928,21757628,34.84754863903363,36.43779551704809
2023,"NA, Hispanic/Latino",Female,27,5,11177457,0.2415576280007161,0.044732894074206685
2023,"NA, Hispanic/Latino",Male,164,97,11669945,1.4053193909654245,0.8311950056319889
2023,"NA, Not Hispanic/Latino",Female,23,8,941709,2.442368077612086,0.8495193313433343
2023,"NA, Not Hispanic/Latino",Male,40,50,995736,4.0171290382189655,5.0214112977737075
2023,"Native Hawaiian or Other Pacific Islander, Hispanic/Latino",Male,4,7,78298,5.108687322792409,8.940202814886714
2023,"Native Hawaiian or Other Pacific Islander, Not Hispanic/Latino",Female,12,3,395519,3.033988253408812,0.758497063352203
2023,"Native Hawaiian or Other Pacific Islander, Not Hispanic/Latino",Male,25,33,411821,6.070598633872484,8.013190196711678
2023,"White, Hispanic/Latino",Female,539,241,17516637,3.0770746690703246,1.3758348705861747
2023,"White, Hispanic/Latino",Male,1993,2038,17621134,11.310282300787225,11.565657465631894
2023,"White, Not Hispanic/Latino",Female,1827,925,97854894,1.8670502059917413,0.9452771978885388
2023,"White, Not Hispanic/Latino",Male,3343,3895,96331509,3.4703079342398757,4.043329166576224
2024,"American Indian or Alaska Native, Hispanic/Latino",Female,4,2,1577480,0.2535689834419454,0.1267844917209727
2024,"American Indian or Alaska Native, Hispanic/Latino",Male,3,10,1671319,0.17949894664034813,0.5983298221344937
2024,"American Indian or Alaska Native, Not Hispanic/Latino",Female,59,54,2324435,2.538251230944294,2.3231451944235912
2024,"American Indian or Alaska Native, Not Hispanic/Latino",Male,149,171,2253684,6.611397161270169,7.587576607900664
2024,"Asian, Hispanic/Latino",Male,6,4,475101,1.2628893645772161,0.8419262430514776
2024,"Asian, Not Hispanic/Latino",Female,101,22,12765474,0.7911966292830176,0.17233985984382563
2024,"Asian, Not Hispanic/Latino",Male,155,176,11861241,1.306777258804538,1.483824500319992
2024,"Black or African American, Hispanic/Latino",Female,16,17,1648282,0.9707076823019362,1.0313769124458072
2024,"Black or African American, Hispanic/Latino",Male,91,95,1602022,5.680321493712321,5.930005954974401
2024,"Black or African American, Not Hispanic/Latino",Female,1409,975,23915586,5.891555406587152,4.076839262897426
2024,"Black or African American, Not Hispanic/Latino",Male,6641,7471,22067576,30.093926038818218,33.8551003517559
2024,"NA, Hispanic/Latino",Female,19,10,11418786,0.16639246939210525,0.08757498389058171
2024,"NA, Hispanic/Latino",Male,76,72,11995253,0.6335839685915754,0.6002374439288608
2024,"NA, Not Hispanic/Latino",Female,15,13,896257,1.6736270957995305,1.4504768163595934
2024,"NA, Not Hispanic/Latino",Male,32,56,921577,3.472308879236352,6.076540538663617
2024,"Native Hawaiian or Other Pacific Islander, Hispanic/Latino",Female,1,1,77455,1.2910722354915758,1.2910722354915758
2024,"Native Hawaiian or Other Pacific Islander, Hispanic/Latino",Male,3,4,88636,3.3846292702739293,4.512839027031906
2024,"Native Hawaiian or Other Pacific Islander, Not Hispanic/Latino",Female,10,11,415549,2.4064550750934304,2.6471005826027736
2024,"Native Hawaiian or Other Pacific Islander, Not Hispanic/Latino",Male,26,30,426239,6.099864160717344,7.038304800827705
2024,"White, Hispanic/Latino",Female,521,263,18427939,2.827228807301782,1.4271807606916869
2024,"White, Hispanic/Latino",Male,1895,2029,18544610,10.218602602049868,10.941184527471863
2024,"White, Not Hispanic/Latino",Female,1807,891,97921813,1.8453498200651164,0.9099096235074814
2024,"White, Not Hispanic/Latino",Male,3220,3625,96344397,3.3421767121548336,3.76254365886996
2023,"American Indian or Alaska Native, Hispanic/Latino",Female,0,2,1485952,0,0.1345938495994487
2021,"Asian, Hispanic/Latino",Female,0,0,429671,0,0
2023,"Native Hawaiian or Other Pacific Islander, Hispanic/Latino",Female,0,0,76204,0,0
2024,"Asian, Hispanic/Latino",Female,0,0,470279,0,0
